Statistics,Machine Learning,Deep Learning,R Language,Python Language,NLP,Data Engineering,Web Development,LInux,DSA,MERN stack,Testing,Java,JavaScript,C,C++,TypeScript,SQL,GO,Kotlin,Ruby,Bootstrap Framework  ,Node.js,Express.js,Angular,Tailwind CSS  ,Bootstrap,Flutter,Django,SpringBoot,DevOps & Tools,Cloud Platforms
statistical models,linear regression,neural network,r,flask,nlp ,aws,reactjs,Linux Administration,Data Structures,Full Stack JavaScript Development,Quality Assurance (QA),Java Programming,JS,C Language  ,C++  ,TypeScript  ,SQL  ,Go  ,Kotlin  ,Ruby Development  ,Responsive Design  ,Node.js  ,Express.js  ,Angular  ,Utility-First CSS  ,Bootstrap Framework  ,Flutter  ,Django  ,Spring Boot  ,CI/CD Pipelines,AWS
statistical modeling,logistic regression,keras,ggplot,django,natural language processing,ec2,angularjs,Shell Scripting,Algorithms,JavaScript Web Development Stack,Quality Control (QC),Java Development,ECMAScript,C Programming  ,C++ Development  ,TypeScript Development  ,Structured Query Language  ,Golang  ,Kotlin Development  ,Ruby Programming  ,Mobile-First Approach  ,JavaScript  ,Node.js  ,TypeScript  ,Responsive Design  ,Responsive Design  ,Dart  ,Python  ,Java  ,Ansible,Firebase
probability,K means,theano,shiny,pandas,topic modeling,amazon redshift,react,Command Line Interface (CLI), Big O Notation,React and Node.js Framework,Software Testing,Java SE (Standard Edition),Client-Side Scripting,C Development  ,C++ Programming  ,TypeScript Programming  ,SQL Development  ,Go Development  ,Kotlin Programming  ,Ruby on Rails  ,Grid System  ,Server-Side JavaScript  ,Web Framework  ,Single Page Application (SPA)  ,Mobile-First Approach  ,Mobile-First Approach  ,Cross-Platform Development  ,Web Framework  ,Spring Framework  ,Docker,Google Cloud Platform (GCP)
normal distribution,random forest,computer vision,cran,numpy,lda,s3,angular, System Configuration,Data Structures & Algorithms,"MongoDB, Express, React, Node.js",Test Engineering,Java EE (Enterprise Edition),Frontend Development Language,ANSI C  ,Object-Oriented Programming (OOP)  , Frontend Development  ,SQL Database Management  ,Go Programming  , Android Development  , Web Development  ,Flexbox  ,Event-Driven Architecture  ,Middleware  ,Component-Based Architecture  ,Customizable Design  ,Grid System  ,Mobile App Development  ,MVC (Model-View-Controller)  ,Microservices  ,Git / GitHub / GitLab,Microsoft Azure
poisson distribution,xgboost,neural networks,dplyr,scikit-learn,named entity recognition,docker,hmtl,Package Management ,Data Organization and Processing,JavaScript-Based Application Development,Test Automation,"Java Frameworks (e.g., Spring, Hibernate)",Web Scripting Language,Standard C  ,C++ Standard Library  , Backend Development  , Data Retrieval  , Backend Development  , Backend Development  , Backend Development  ,Components  ,Non-Blocking I/O  ,Routing  ,Modules  ,JIT (Just-In-Time) Mode  ,Flexbox  ,Widgets  ,MTV (Model-Template-View)  ,RESTful APIs  ,Jenkins,
survival models,svm,convulational neural network (cnn),tidyr,sklearn,pos tagging,kubernetes,css,Kernel Managemen,Algorithm Design and Analysis,Full Stack Development with React,Functional Testing,Object-Oriented Programming (OOP) in Java,Dynamic HTML ,C99 ,C++11  ,TypeScript with Angular  , Data Manipulation  , Web Development  , Mobile Applications  , API Development  ,Utilities  ,Asynchronous Programming  ,RESTful APIs  ,Services  ,Configuration File  ,Components  ,State Management  ,ORM (Object-Relational Mapping)  ,Dependency Injection  ,Kubernetes,
hypothesis testing,naive bayes,recurrent neural network (rnn),lubridate,matplotlib,word2vec,scala,javascript,User Management, Computational Structures,MERN Framework Expertise,User Acceptance Testing (UAT),Java Application Development,JavaScript Frameworks ,C11 ,C++14  ,TypeScript with React  , Data Definition  , Microservices  , Web Development  , Microservices  ,Bootstrap 5  ,NPM (Node Package Manager)  ,HTTP Methods  ,Dependency Injection  ,Theme Customization  ,Utilities  ,Hot Reload  ,Django REST Framework  ,Inversion of Control (IoC)  ,Terraform,
bayesian inference,pca,object detection,knitr,scipy,word embedding,teredata,nodejs,File System Management,Algorithmic Problem Solving,React-Node Development, Performance Testing,Java Web Development,JavaScript Libraries , Systems Programming  ,C++17  ,TypeScript with Node.js  , Data Control  , Cloud Computing  , Multiplatform Development  , Test-Driven Development (TDD)  ,JavaScript Plugins  ,Modules  ,Request and Response  ,Routing  ,Custom Utilities  ,Bootstrap 5  ,Material Design  ,URL Routing  ,Spring MVC  ,,
factor analysis,decision trees,yolo,R Programming,bokeh,latent semantic indexing,google big query,node.js,Network Configuration,Data Management Techniques,Full Stack React Applications,Regression Testing,Java APIs, Web Development, Embedded Systems  ,C++20  , Large-Scale Applications  ,SQL Queries  , API Development  ,Kotlin Coroutines  , Behavior-Driven Development (BDD)  ,Customizable Themes  ,CommonJS  ,Express Router  ,Directives  ,Responsive Utilities  ,JavaScript Plugins  ,Cupertino Widgets  ,Views  ,Spring Data  ,,
forecasting,singular value decomposition,gpu,R Statistical Computing,statsmodel,spacy,aws lambda,mongodb,Process Management,Algorithmic Complexity,JavaScript Technology Stack,System Testing,Java Servlets, Frontend Development, Application Development  , Systems Programming  , Static Typing  ,SQL Joins  , Concurrent Programming  ,Kotlin DSL (Domain-Specific Language)  , Object-Oriented Programming  ,Sass Variables  ,ES Modules  ,Static Files  ,Pipes  ,Hover States  ,Customizable Themes  ,Flutter SDK  ,Templates  ,Spring Security  ,,
markov chains,ensemble methods,cuda,R Data Analysis,python,genism,aws emr,mongo db,System Monitoring, Data Handling and Algorithms,MEAN Stack with React,Integration Testing,JavaServer Pages (JSP),JavaScript ES6/ESNext, Low-Level Programming  , Game Development  , Object-Oriented Programming  ,SQL Subqueries  , Distributed Systems  , Functional Programming  , Functional Programming  ,Bootstrap Icons  ,Express.js  ,Error Handling  ,Data Binding  ,Focus States  ,Sass Variables  ,Flutter Framework  ,Static Files  ,Configuration Properties  ,,
monte carlo simulation,boltzman machine,tensorflow,R for Data Science,,nltk,hive,web development,Bash Scripting, Data Architecture and Algorithms,MERN Architecture,Test Case Development,Java Microservices,JavaScript Object Notation (JSON), Performance Optimization  , Embedded Systems  , Functional Programming  ,SQL Views  , Network Programming  , Object-Oriented Programming  , Database Interaction  ,Navbar  ,RESTful APIs  ,Body Parsing  ,Two-Way Data Binding  ,Active States  ,Bootstrap Icons  ,Flutter Web  ,Media Files  ,Application Context  ,,
descriptive statistics,gradient boosting,lstm,R for Statistical Modeling,,non-negative matrix factorization,hadoop,webdev,Cron Jobs, Software Algorithms, Full Stack JavaScript Engineer,Test Planning,Java Software Engineering,JavaScript DOM Manipulation, Algorithm Development  , High-Performance Computing  , API Development  ,SQL Stored Procedures  , DevOps  , Reactive Programming  , Active Record  ,Modals  ,Middleware  ,JSON Handling  ,Reactive Programming  ,Dark Mode  ,Navbar  ,Flutter Desktop  ,Forms  ,Auto-Configuration  ,,
inferential statistics,adaboost,gan,R Visualization,,doc2vec,sql,express.js, System Security,Data Structures Theory,React and Express Development,Test Strategy,"Java Testing (JUnit, TestNG)",JavaScript Event Handling, Hardware Interaction  , Real-Time Systems  , Microservices  ,SQL Functions  , Containerization   , RESTful APIs  , MVC Architecture  ,Alerts  ,Routing  ,URL Parameters  ,Observables  ,Typography  ,Modals  ,Responsive Design  ,Model Forms  ,Embedded Server  ,,
time series analysis,catboost,opencv,R Markdown,,continuous bag of words,data pipeline,jquery,Firewall Configuration, Algorithmic Efficiency, Node.js and MongoDB Development,Validation and Verification,Java Performance Tuning,JavaScript API Development, Real-Time Systems  , GUI Development  , Server-Side Development  ,SQL Triggers  , Kubernetes  , Microservices  , Gem Development  ,Buttons  ,HTTP Server  ,Query Strings  ,RxJS  ,Spacing Scale  ,Alerts  ,Custom Widgets  ,Admin Interface  ,Tomcat  ,,
anova,lightgbm,deep learning,R Packages,,skip-gram,elt,vue.js,Virtualization,Data Processing Techniques,Web Development with MERN,Application Testing,Java Code Optimization,JavaScript Testing Frameworks , Operating Systems  , Network Programming  , Mobile Development  ,SQL Indexing  , Performance Optimization  , Cloud Computing  , Security Best Practices  ,Forms  ,WebSockets  ,Session Management  ,Forms  ,Color Palette  ,Buttons  ,Animations  ,Authentication  ,Jetty  ,,
chi-square test,random forest,transformer models, R Scripting,,bert,data warehouse,typescript,Remote Access,Advanced Data Structures, MERN Ecosystem Proficiency,End-to-End Testing,Java Design Patterns,JavaScript Build Tools, Network Programming  , Algorithm Development  , Progressive Web Apps (PWAs)  ,SQL Optimization  , Data Processing  , Dependency Injection   , Performance Optimization  ,Cards  ,Real-Time Applications  ,Cookies  ,Reactive Forms  ,Flexbox Utilities  ,Forms  ,Gesture Detection  ,Authorization  ,Actuator  ,,
t-distribution,mlp,attention mechanisms, R Data Manipulation,,setiment analysis,data lake,next.js, Log Management,Algorithmic Strategies,JavaScript Application Development,Test Management,Java Database Connectivity (JDBC),JavaScript Development, Game Development  , Data Structures  , Testing ,SQL Performance Tuning  , Command-Line Tools  , Testing   , Code Quality  ,Carousel  ,Socket.IO  ,Authentication  ,Template-Driven Forms  ,Grid Utilities  ,Cards  ,Layouts  ,User  Management  ,Spring Initializr  ,,
regression analysis,autoencoder,computer vision,R Machine Learning,,chat bot,apache spark,svelte,Backup and Recovery,Data Structure Optimization,Full Stack Developer with MERN,Continuous Testing,"Java Build Tools (Maven, Gradle)", Interactive Web Applications, Compiler Design  , Software Engineering  , Code Quality  , Transaction Management  , Testing and Benchmarking  , UI Development  , Code Review  ,Dropdowns  ,File System Module  ,Authorization  ,HTTP Client  ,Positioning Utilities  ,Carousel  ,Navigation  ,Middleware  ,Annotations  ,,
cluster analysis,recommender systems,object recognition,R Data Visualization,,text classification,apache flink,nest.js,Linux Distributions,Algorithm Development,MERN Application Development,Test Analysis,Java Version Control (Git), Single Page Applications (SPAs), Software Engineering , API Development  , Type Safety  , Data Warehousing  , Error Handling  , Data Binding  , Version Control  ,Tooltips  ,Buffer  ,Passport.js  ,RESTful APIs  ,Margin and Padding  ,Dropdowns  ,Routing  ,Sessions  ,@Value  ,,
bayesion networks,time series forecasting,image processing,R Statistical Analysis,,entity recognition,snowflake,graphql,DevOps Tools,Data Structures Fundamentals,React-Driven Web Development,Quality Assessment,Java Runtime Environment (JRE),  Mobile Development, Device Drivers  , Multithreading  , Component-Based Architecture  , ETL Processes  , Dependency Management  , Jetpack Compose  , Continuous Integration/Continuous Deployment (CI/CD)  ,Popovers  ,Streams  ,JWT (JSON Web Tokens)  ,Angular CLI  ,Width and Height  ,Tooltips  ,Asynchronous Programming  ,Cookies  ,@Bean  ,,
survival analysis,anomaly detection,speech recognition, R for Predictive Analytics,,text summarization,databricks,webpack,Continuous Integration,Algorithmic Thinking, Comprehensive JavaScript Development,Software Validation,Java Development Kit (JDK), Progressive Web Apps (PWAs), Firmware Development  , Performance Optimization  , State Management   , Reporting  , Code Review  , Android Architecture Components  , Agile Development  ,Pagination  ,Event Loop  ,CORS (Cross-Origin Resource Sharing)  ,Angular Universal  ,Max Width and Max Height  ,Popovers  ,Future and Stream  ,Signals  ,@Component  ,,
multivariate analysis,dimensionality reduction,generative models, R Programming Environment,,question answering,apache beam,bootstrap,Continuous Deployment,Data Structures and Computational Methods,Full Stack Web Applications with MERN,Test Execution,JavaFX (for GUI development), Server-Side Development, Scientific Computing  , Cross-Platform Development  , Dependency Injection  , Business Intelligence  , Static Typing  , Serialization   , Software Design Patterns  ,Badges  ,Error Handling  ,Environment Variables  ,Server-Side Rendering (SSR)  ,Overflow Utilities  ,Pagination  ,Provider  ,Django Shell  ,@Service  ,,
nonparametric statistics,feature engineering,reinforcement learning, R Data Mining,,machine translation,apache  airflow,tailwind css,System Updates and Patching,Algorithmic Data Structures, MERN Development Expertise,Test Assessment,Java Applets,JavaScript Frameworks and Libraries, Robotics  , Compiler Design  , GraphQL  , Data Analysis  , Interfaces  , Database Interaction   , RESTful APIs  ,Progress Bars  ,Debugging  ,Configuration  ,Change Detection  ,Border Utilities  ,Badges  ,Riverpod  ,Django Commands  ,@Repository  ,,
experimental design,model evaluation,self-supervised learning,R Bioinformatics,,text generation,presto,redux,Networking Tools ,Data Organization Strategies,Full Stack JavaScript Framework,Debugging,Java Web Services (REST/SOAP), API Integration, Telecommunications  , Robotics  , Real-Time Applications  , Database Design  , Goroutines  , Security Best Practices  , GraphQL  ,Tables  ,Performance Optimization  ,Logging  ,Lifecycle Hooks  ,Shadow Utilities  ,Progress Bars  ,Bloc  ,Database Migrations  ,@Controller  ,,
resampling methods,hyperparameter tuning,transfer learning,R Time Series Analysis,,named entity linking,apache kafka,material-ui,Database Management,Algorithmic Design Principles,React and Node.js Application Development,Verification Processes,Java Security Features, Responsive Design, High-Performance Computing  , Scientific Computing  ,TypeScript Compiler  , Relational Databases  , Channels  , Performance Optimization  , WebSockets  ,List Groups  ,Clustering  ,Debugging  ,Event Binding  ,Transition Utilities  ,Tables  ,GetX  ,PostgreSQL  ,RestController  ,,
Statistical Analysis,,,R Data Wrangling,,,,,Cloud Services,Data Structures and Analysis Techniques,MERN-Based Solutions,Test Review,Java Multithreading, Cross-Browser Compatibility, Cross-Platform Development  , Legacy Systems,TypeScript Configuration  , NoSQL Databases  , Structs  , Code Quality  , Background Jobs  ,Media Objects  ,Load Balancing  ,Performance Optimization  ,Property Binding  ,Animation Utilities  ,List Groups  ,InheritedWidget  ,MySQL  ,RequestMapping  ,,
Data Analysis,,,R Reporting,,,,,Linux Shell,Algorithmic Data Management,Full Stack JavaScript Engineer with MERN,Compliance Testing,Java Collections Framework, User Interface (UI) Development, Legacy Systems  ,C++ Language,TypeScript Interfaces  , Data Migration  , Packages  , Code Review  , Caching  ,Jumbotron  ,Microservices  ,Asynchronous Programming  ,Custom Directives  ,Pseudo-Class Variants  ,Media Objects  ,Form Handling  ,SQLite  ,ResponseEntity  ,,
Data Visualization,,,R Statistical Software,,,,, System Boot Process,Algorithmic Frameworks,MERN Stack Development Proficiency, Load Testing,Java Exception Handling, User Experience (UX) Enhancement, Scripting  ,C++ Development Environment,TypeScript Generics  , Backup and Recovery  , Modules  , Version Control   , Data Serialization  ,Responsive Utilities  ,Database Integration  ,Promises  ,Custom Pipes  ,Form Styling  ,Jumbotron  ,HTTP Requests  ,NoSQL  ,Exception Handling  ,,
Sampling Techniques,,,R Data Exploration,,,,,Init Systems,Data Structures and Software Engineering,JavaScript Framework Development,Stress Testing,Java Annotations, Data Visualization, Data Structures  ,C++ Templates,TypeScript Decorators  , Security Management  , Reflection  , Continuous Integration/Continuous Deployment (CI/CD)  , Data Migration  ,Breakpoints  ,MongoDB  ,Async/Await  ,NgModules  ,SVG Support  ,Responsive Utilities  ,RESTful APIs  ,RESTful APIs  ,Error Handling  ,,
Data Mining,,,R Statistical Graphics,,,,, Linux Networking,Algorithmic Data Processing, End-to-End JavaScript Development,Test Design,Java Reflection,  Real-Time Applications, Software Prototyping  ,C++ Standard Template Library (STL),TypeScript Namespaces  , Data Integrity  , Web Frameworks , Agile Development  , Application Monitoring  ,Custom Breakpoints  ,Mongoose  ,Database Integration  ,NgRx  ,Plugin System  ,Breakpoints  ,Firebase Integration  ,GraphQL  ,Validation  ,,
Predictive Modeling,,,R Data Visualization Techniques,,,,,SELinux, Data Structures and Code Optimization,MERN Technology Stack,Test Implementation,Java Concurrency, Web Animation, API Development  , Game Engines,TypeScript Modules  , Data Modeling  , Database Interaction  , Software Design Patterns  , Logging  ,Accessibility (a11y)  ,PostgreSQL  ,MongoDB  ,State Management  ,Tailwind UI  ,Custom Breakpoints  ,Local Storage  ,Testing  ,JPA (Java Persistence API)  ,,
Quality Control,,,R Data Analytics,,,,, LAMP Stack,,Full Stack Development with JavaScript Technologies,Test Coverage Analysis,Java Socket Programming, Form Validation,, Simulation Development, Code Refactoring  , Normalization  , RESTful APIs  , API Development  , Error Handling  ,Cross-Browser Compatibility  ,MySQL  ,Mongoose  ,Routing Guards  ,Component Libraries  ,Accessibility (a11y)  ,Shared Preferences  ,Unit Testing  ,Hibernate  ,,
A/B Testing,,,R Data Science Projects,,,,,SFTP/FTP Configuration,,MERN Application Development,Test Reporting,Java Enterprise Applications, AJAX (Asynchronous JavaScript and XML),, Financial Applications, Asynchronous Programming  , Denormalization  , GraphQL  , Event-Driven Architecture  , Dependency Management  ,Browser Support  ,Sequelize  ,PostgreSQL  ,Lazy Loading  ,Integration with JavaScript Frameworks  ,Cross-Browser Compatibility  ,SQLite  ,Integration Testing  ,Database Integration  ,,
Bayesian Statistics,,,R Statistical Programming,,,,,RAID Configuration,,,Test Documentation,Java Cloud Development, Web Components,, Machine Learning, Webpack  , Cross-Platform Databases  , Security Best Practices  , Service-Oriented Architecture  , Scripting  ,Custom Styles  ,Redis  ,MySQL  ,Dynamic Components  ,Version Control  ,Browser Support  ,Testing  ,Debugging  ,MySQL  ,,
Multivariate Analysis,,,R Data Reporting,,,,,Software Development Kits,,,Test Coordination,Java Integration (with other technologies),  Content Management Systems (CMS),, Graphics Programming, Babel  , Cloud Databases  , Logging  , Cloud Services , Automation  ,Theme Customization  ,Caching  ,Sequelize  ,Angular Material  ,Agile Development  ,Custom Styles  ,Unit Testing  ,Error Handling  ,PostgreSQL  ,,
Survey Design,,,R Data Transformation,,,,,Linux Kernel Compilation,,,Test Optimization,Java Code Review, E-commerce Solutions,, Mobile Development, Linting , Big Data  , Monitoring  , GraphQL  , Command-Line Tools  ,Bootstrap Documentation  ,Authentication  ,File Uploads  ,Bootstrap  ,Performance Optimization  ,Theme Customization  ,Widget Testing  ,Performance Optimization  ,MongoDB  ,,
Statistical Inference,,,R Exploratory Data Analysis (EDA),,,,,OpenSSH,,,Test Lifecycle Management,Java Documentation (Javadoc),JavaScript ES6+,, Cloud Computing, Documentation   , Analytics  , Profiling  , WebSockets  , Web Frameworks  ,Version Control  ,Authorization  ,Form Handling  ,Responsive Design  ,Build Tools  ,Bootstrap Documentation  ,Integration Testing  ,Caching  ,NoSQL  ,,
Data Cleaning,,,R Data Cleaning,,,,,Linux Community Engagement,,,,"Java IDEs (Eclipse, IntelliJ IDEA)",Functional Programming,, Database Management, Unit Testing  , Data Governance  , Continuous Integration/Continuous Deployment (CI/CD)  , Mobile UI Frameworks  , Frontend Integration  ,Agile Development  ,JWT (JSON Web Tokens)  ,Template Engines  ,Testing  ,PostCSS  ,Version Control  ,Debugging  ,Deployment  ,Data Source  ,,
Data Summarization,,,R Multivariate Analysis,,,,,,,,,Java Agile Development,Object-Oriented JavaScript,, Security Applications, Integration Testing  , API Development  , Agile Development  , Cross-Platform Development   , User Authentication  ,Performance Optimization  ,OAuth  ,EJS  ,Unit Testing  ,Webpack  ,Agile Development  ,Error Handling  ,Heroku  ,Transaction Management  ,,
Statistical Consulting,,,R Hypothesis Testing,,,,,,,,,"Java Application Servers (e.g., Apache Tomcat, JBoss)",JavaScript Bundlers ,, Firmware Development, Continuous Integration  , Application Development  , Version Control  , Legacy System Integration  , Payment Processing  ,Integration with JavaScript Frameworks  ,Environment Variables  ,Pug  ,End-to-End Testing  ,Vite  ,Performance Optimization  ,Performance Optimization  ,Docker  ,Caching  ,,
Statistical Quality Control,,,R Regression Analysis,,,,,,,,,Java Dependency Injection,JavaScript Transpilers ,, Artificial Intelligence, Agile Development  , Data Visualization  , Cloud Services   , Application Performance Monitoring (APM)  , E-commerce Applications  ,NPM (Node Package Manager)  ,Configuration  ,Handlebars  ,Jasmine  ,Laravel Mix  ,Integration with JavaScript Frameworks  ,Build and Release  ,Virtual Environments  ,Asynchronous Processing  ,,
Statistical Research,,,R Data Simulation,,,,,,,,,Java Message Service (JMS),Progressive Web Apps (PWAs),, Virtual Reality, Version Control   , Data Quality  , Event-Driven Architecture  , User Interface (UI) Testing  , Content Management Systems (CMS)  ,Webpack  ,Logging  ,WebSockets  ,Karma  ,Tailwind CSS Typography Plugin  ,NPM (Node Package Manager)  ,Continuous Integration  ,Pip  ,Spring Boot Starter  ,,
Data Architecture,,,R Machine Learning Algorithms,,,,,,,,,Java Persistence API (JPA),Mobile-First Development,, Audio Processing, Cross-Platform Development  , Scripting  , Service Mesh  , Data Persistence  , Social Media Integration  ,Gulp  ,Unit Testing  ,Real-Time Communication  ,Protractor  ,Tailwind CSS Forms Plugin  ,Webpack  ,Deployment  ,Requirements.txt  ,Profiles  ,,
Statistical Significance,,,R Data Forecasting,,,,,,,,,Java Server Faces (JSF), Data Visualization ,, Image Processing, Serverless Architecture  , Automation  , Load Balancing  , Asynchronous Programming  , Cloud Services  ,Sass  ,Integration Testing  ,Testing  ,Debugging  ,Tailwind CSS Aspect Ratio Plugin  ,Gulp  ,App Store Submission  ,Environment Variables  ,Environment Variables  ,,
Effect Size,,,R Statistical Inference,,,,,,,,,Java Batch Processing, Server-Side Rendering (SSR),, Scientific Visualization, Cloud Services , Query Optimization  , API Gateway  , Code Refactoring  , Legacy System Integration  ,Less  ,Mocha  ,Unit Testing  ,Performance Optimization  ,Accessibility (a11y)  ,Sass  ,Google Play Store  ,Security Best Practices  ,Logging  ,,
Confidence Intervals,,,R Data Integration,,,,,,,,,Java API Development,State Management ,, Parallel Programming, RESTful Services  , Data Lakes  , Middleware  , Software Prototyping  , Data Analysis  ,Grid Layout  ,Chai  ,Integration Testing  ,AOT (Ahead-of-Time) Compilation  ,Cross-Browser Compatibility  ,Less  ,Internationalization (i18n)  ,Cross-Site Scripting (XSS)  ,Testing  ,,
Outlier Detection,,,,,,,,,,,,Java Code Refactoring,Component-Based Architecture,, Software Prototyping, GraphQL APIs  , Multi-tenant Databases  , Serialization   , Application Security  , Data Visualization  ,Responsive Images  ,Jest  ,Mocha  ,Lazy Loading  ,Custom Breakpoints  ,Grid Layout  ,Localization (l10n)  ,Cross-Site Request Forgery (CSRF)  ,Unit Testing  ,,
Statistical Power,,,,,,,,,,,,Java Performance Profiling, Microservices,, Test-Driven Development (TDD), Web Accessibility (a11y)  , Distributed Databases  , WebSockets  , Data Structures  , Software Prototyping  ,Image Thumbnails  ,Supertest  ,Chai  ,Internationalization (i18n)  ,Design Tokens  ,Responsive Images  ,Accessibility (a11y)  ,SQL Injection  ,Integration Testing  ,,
Causal Inference,,,,,,,,,,,,Java Build Automation,WebSockets,, Continuous Integration/Continuous Deployment (CI/CD), Performance Optimization  , Data Encryption  , Real-Time Applications  , Algorithms  , Application Security  ,Form Validation  ,Deployment  ,Supertest  ,Localization (l10n)  ,Documentation  ,Image Thumbnails  ,Custom Themes  ,Django Signals  ,JUnit  ,,
Logistic Regression,,,,,,,,,,,,Java Continuous Integration/Continuous Deployment (CI/CD), Content Management Systems (CMS),, Microservices, Code Reviews  , Compliance   , Data Serialization  , Networking, Internationalization (i18n)  ,Input Groups  ,Heroku  ,Deployment  ,Security Best Practices  ,Community Support  ,Form Validation  ,Dark Mode  ,Custom Management Commands  ,Mockito  ,,
Linear Models,,,,,,,,,,,,"Java Testing Frameworks (Mockito, Cucumber)", E-commerce Development,,, Design Patterns  , Performance Monitoring  , Software Architecture  , Image Loading   , Localization (l10n)  ,Floating Labels  ,Docker  ,Heroku  ,Cross-Site Scripting (XSS)  ,Tailwind CSS Components  ,Input Groups  ,Third-Party Packages  ,Third-Party Packages  ,Spring Test  ,,
Generalized Linear Models (GLM),,,,,,,,,,,,Java Software Architecture, A/B Testing,,, Responsive Design  , User Management  , Design Patterns  , Dependency Management , Event-Driven Architecture  ,Sticky Navbar  ,Kubernetes  ,Docker  ,Cross-Site Request Forgery (CSRF)  ,Tailwind CSS Themes,Floating Labels  ,Pub.dev  ,Django Packages  ,Deployment  ,,
Hierarchical Models,,,,,,,,,,,,"Java Design Principles (SOLID, DRY, KISS)", Accessibility (a11y),,, User Interface (UI) Development  , Data Auditing  , Application Performance Monitoring (APM)  , Mobile Game Development  , Service-Oriented Architecture  ,Scrollspy  ,Security Best Practices  ,Nginx  ,Angular Schematics  ,,Sticky Navbar  ,Flutter DevTools  ,Community Support  ,Docker  ,,
Structural Equation Modeling (SEM),,,,,,,,,,,,Java Event-Driven Programming, SEO Optimization,,, User Experience (UX) Design  , Data Synchronization  , Cross-Platform Development  , Augmented Reality (AR)  , Mobile Backend Development  ,Offcanvas  ,CORS (Cross-Origin Resource Sharing)  ,Security Best Practices  ,Third-Party Libraries  ,,Scrollspy  ,Community Support  ,Documentation  ,Kubernetes  ,,
Time Series Forecasting,,,,,,,,,,,,Java Scripting API, Cloud Functions,,,, Data Aggregation, Legacy System Integration, Internet of Things (IoT)  , Internet of Things (IoT)  ,Utilities API  ,Input Validation  ,Rate Limiting  ,Community Support  ,,Offcanvas  ,Documentation  ,Version Control  ,Cloud Native  ,,
Cross-Validation,,,,,,,,,,,,Java Virtual Machine (JVM),,,,,,, Chatbot Development  , Chatbot Development,Custom Components  ,Sanitization  ,Input Validation  ,Documentation  ,,Utilities API  ,Code Reusability  ,Agile Development  ,Spring Cloud  ,,
Feature Selection,,,,,,,,,,,,Java Internationalization (i18n),,,,,,, E-commerce Applications  ,,Design Systems  ,Rate Limiting  ,Sanitization  ,Version Control  ,,Custom Components  ,Design Systems  ,Continuous Integration  ,API Gateway  ,,
Dimensionality Reduction,,,,,,,,,,,,"Java Logging Frameworks (Log4j, SLF4J)",,,,,,, Social Media Integration,,Community Support  ,Community Support  ,Community Support  ,Agile Developmen,,Design Systems  ,User  Interface (UI)  ,Code Quality  ,Load Balancing  ,,
Data Profiling,,,,,,,,,,,,"Java Frontend Integration (with Angular, React)",,,,,,,,,Bootstrap Themes  ,Documentation  ,Documentation  ,,,Community Support  ,User  Experience (UX)  ,,Security Best Practices  ,,
Statistical Software ,,,,,,,,,,,,,,,,,,,,,Third-Party Plugins  ,Version Control  ,Version Control  ,,,Bootstrap Themes  ,Version Control  ,,OAuth2  ,,
 Data Ethics,,,,,,,,,,,,,,,,,,,,,,Agile Development,Agile Development  ,,,Third-Party Plugins ,,,JWT (JSON Web Tokens)  ,,
Data Integration,,,,,,,,,,,,,,,,,,,,,,,,,,,,,Community Support  ,,
 Statistical Process Control (SPC),,,,,,,,,,,,,,,,,,,,,,,,,,,,,Documentation  ,,
 Risk Assessment,,,,,,,,,,,,,,,,,,,,,,,,,,,,,Version Control  ,,
Statistical Sampling,,,,,,,,,,,,,,,,,,,,,,,,,,,,,Agile Development,,
Data Envelopment Analysis (DEA),,,,,,,,,,,,,,,,,,,,,,,,,,,,,,,
Statistical Reporting,,,,,,,,,,,,,,,,,,,,,,,,,,,,,,,
Statistical Data Interpretation,,,,,,,,,,,,,,,,,,,,,,,,,,,,,,,
